location,property_count,median_price,median_sqft,median_price_per_sqft
Malleshwaram,50,272.5,2215.0,12455.009698364032
Rajaji Nagar,89,251.5,1776.0,13519.22264469793
Iblur Village,25,220.0,2987.5,7264.296754250387
Frazer Town,32,210.0,2039.5,9908.689372669378
Old Airport Road,33,194.0,2690.0,7397.769516728625
Hebbal Kempapura,26,167.5,1757.5,9003.26797385621
Indira Nagar,32,164.0,1575.0,10196.687370600413
Hosakerehalli,29,153.0,2376.0,8420.473307649972
Thigalarapalya,61,150.0,2072.0,7377.049180327869
Binny Pete,20,148.5,1440.5,8472.781375809558
Basavangudi,28,147.5,1625.0,9719.576719576718
Domlur,22,140.0,1707.5,8214.285714285714
Koramangala,67,135.0,1600.0,8981.132075471698
1St Phase Jp Nagar,21,131.0,1590.0,8238.993710691824
Epip Zone,23,125.0,1810.0,6696.428571428572
Hegde Nagar,42,124.0,1841.0,6647.398568277071
Talaghattapura,40,121.5,1856.0,6179.757788948549
Ambedkar Nagar,25,121.0,1862.0,6486.486486486487
Green Glen Layout,39,115.0,1715.0,6591.957811470006
Hebbal,169,113.0,1500.0,7112.462006079028
